,City,Country,Lat,Lng,Max Temp,Humidity,Cloudiness,Wind Speed,Current Description
0,Kapaa,US,22.0752,-159.319,80.58,81,59,4.0,broken clouds
1,Punta Arenas,CL,-53.15,-70.9167,42.12,93,100,6.93,light rain
2,Cape Town,ZA,-33.9258,18.4232,58.91,73,20,5.99,few clouds
3,Aksarka,RU,66.5606,67.7975,3.36,95,100,1.86,overcast clouds
4,Hobyo,SO,5.3505,48.5268,83.25,72,67,9.84,broken clouds
5,Hermanus,ZA,-34.4187,19.2345,56.97,65,27,1.48,scattered clouds
6,Port Alfred,ZA,-33.5906,26.891,59.18,96,29,4.0,scattered clouds
7,Rio Verde De Mato Grosso,BR,-18.9181,-54.8442,74.73,72,100,4.38,overcast clouds
8,Busselton,AU,-33.65,115.3333,68.58,51,49,10.56,scattered clouds
9,Natal,BR,-5.795,-35.2094,74.05,100,20,4.61,few clouds
10,Mabay,PH,6.0577,124.4666,84.15,76,64,2.77,moderate rain
11,Buctzotz,MX,21.2,-88.7833,82.69,54,82,11.14,broken clouds
12,Rikitea,PF,-23.1203,-134.9692,75.33,77,100,15.55,moderate rain
13,Ponta Do Sol,PT,32.6667,-17.1,59.72,63,50,1.97,scattered clouds
14,Calafell,ES,41.2,1.5683,56.08,83,100,7.0,overcast clouds
15,Kazachinskoye,RU,57.6953,93.2761,25.34,63,99,8.59,overcast clouds
16,Thompson,CA,55.7435,-97.8558,36.1,85,100,12.59,overcast clouds
17,Saint George,US,37.1041,-113.5841,65.43,19,20,12.66,few clouds
18,Murdochville,CA,48.9583,-65.5006,25.18,92,95,11.7,light snow
19,Thunder Bay,CA,48.4001,-89.3168,37.29,100,100,16.11,mist
20,Namatanai,PG,-3.6667,152.4333,85.69,62,90,5.95,overcast clouds
21,Albany,US,42.6001,-73.9662,47.88,55,100,2.73,overcast clouds
22,Butaritari,KI,3.0707,172.7902,81.52,77,54,13.91,broken clouds
23,Bajil,YE,15.0584,43.2851,81.52,70,8,1.97,clear sky
24,Hobart,AU,-42.8794,147.3294,65.26,58,20,4.61,few clouds
25,Kushima,JP,31.4583,131.2333,66.83,95,100,3.06,moderate rain
26,Pangnirtung,CA,66.1451,-65.7125,4.19,78,14,7.52,few clouds
27,Vaini,TO,-21.2,-175.2,77.92,69,100,3.13,overcast clouds
28,Mataura,NZ,-46.1927,168.8643,52.48,90,97,8.39,overcast clouds
29,Bubaque,GW,11.2833,-15.8333,76.55,78,13,13.09,few clouds
30,Dikson,RU,73.5069,80.5464,1.02,98,99,12.37,overcast clouds
31,Ushuaia,AR,-54.8,-68.3,38.16,92,100,5.35,overcast clouds
32,Avarua,CK,-21.2078,-159.775,82.45,78,59,8.05,broken clouds
33,Ngunguru,NZ,-35.6167,174.5,64.35,70,76,15.12,broken clouds
34,Barras,BR,-4.2444,-42.2944,72.46,98,100,5.53,light rain
35,Cubara,CO,7.0008,-72.1085,72.68,96,94,3.31,overcast clouds
36,Koungou,YT,-12.7336,45.2042,82.11,78,75,12.66,light rain
37,Jamestown,US,42.097,-79.2353,71.24,52,0,4.61,clear sky
38,Taoudenni,ML,22.6783,-3.9836,75.54,18,11,10.25,few clouds
39,Ilulissat,GL,69.2167,-51.1,26.62,93,100,0.0,light snow
40,Airai,TL,-8.9266,125.4092,73.85,45,14,3.33,few clouds
41,Guerrero Negro,MX,27.9769,-114.0611,59.77,76,0,19.22,clear sky
42,Strzelce Opolskie,PL,50.5107,18.3006,45.72,80,75,6.33,broken clouds
43,Narsaq,GL,60.9167,-46.05,39.42,98,100,3.29,light rain
44,East London,ZA,-33.0153,27.9116,62.1,90,99,8.23,light rain
45,Dutse,NG,11.7594,9.3392,83.68,31,100,8.41,overcast clouds
46,Hofn,IS,64.2539,-15.2082,44.53,79,98,4.59,overcast clouds
47,Pacific Grove,US,36.6177,-121.9166,65.44,77,0,6.91,clear sky
48,Kawalu,ID,-7.3817,108.2082,81.93,76,92,1.7,overcast clouds
49,Clyde River,CA,70.4692,-68.5914,-8.37,97,23,3.89,few clouds
50,Juruti,BR,-2.1522,-56.0922,73.87,95,100,4.5,overcast clouds
51,La Ronge,CA,55.1001,-105.2842,33.19,91,34,3.47,scattered clouds
52,Yamada,JP,39.4667,141.95,57.51,55,100,13.15,overcast clouds
53,Holme,DK,56.1138,10.1725,46.18,82,57,12.71,broken clouds
54,Khatanga,RU,71.9667,102.5,8.02,92,94,5.19,overcast clouds
55,Rio Grande Da Serra,BR,-23.7442,-46.3983,69.03,75,44,5.93,scattered clouds
56,Sola,VU,-13.8833,167.55,82.29,68,60,3.6,broken clouds
57,Labuhan,ID,-6.8844,112.2051,82.6,79,100,4.52,overcast clouds
58,Saint-Joseph,RE,-21.3667,55.6167,70.18,71,60,12.53,broken clouds
59,Longyearbyen,SJ,78.2186,15.6401,17.44,67,40,16.11,scattered clouds
60,Puerto Escondido,MX,15.85,-97.0667,83.23,69,40,5.75,scattered clouds
61,Rio Brilhante,BR,-21.8019,-54.5464,72.66,75,0,3.91,clear sky
62,Mount Isa,AU,-20.7333,139.5,74.97,73,100,12.66,overcast clouds
63,Norman Wells,CA,65.282,-126.8329,44.64,49,0,16.11,clear sky
64,Namibe,AO,-15.1961,12.1522,69.21,84,33,5.99,scattered clouds
65,Mahebourg,MU,-20.4081,57.7,75.49,69,40,14.97,scattered clouds
66,Buraydah,SA,26.326,43.975,66.65,57,100,12.41,overcast clouds
67,Makakilo City,US,21.3469,-158.0858,80.92,65,75,16.11,broken clouds
68,Bayonet Point,US,28.3267,-82.6834,76.1,68,0,3.0,clear sky
69,Bundaberg,AU,-24.85,152.35,79.21,61,75,25.32,broken clouds
70,Bredasdorp,ZA,-34.5322,20.0403,56.08,66,93,4.81,overcast clouds
71,Dakar,SN,14.6937,-17.4441,74.28,73,1,20.94,clear sky
72,Atar,MR,20.5169,-13.0499,73.87,29,2,7.67,clear sky
73,Jieshi,CN,22.8134,115.8257,83.95,80,8,6.6,clear sky
74,Comodoro Rivadavia,AR,-45.8667,-67.5,51.94,52,0,31.45,clear sky
75,Castro,BR,-24.7911,-50.0119,63.64,86,100,2.62,overcast clouds
76,Batagay-Alyta,RU,67.8006,130.4114,13.73,79,99,2.26,overcast clouds
77,Saqqez,IR,36.2499,46.2735,51.04,20,100,2.64,overcast clouds
78,Provideniya,RU,64.3833,-173.3,33.46,62,92,2.3,overcast clouds
79,Barrow,US,71.2906,-156.7887,17.62,79,100,5.75,mist
80,Merritt Island,US,28.5392,-80.672,76.08,75,100,12.3,overcast clouds
81,Shelburne,CA,44.0787,-80.2041,43.59,69,11,14.23,few clouds
82,Menzelinsk,RU,55.7271,53.1026,42.42,85,100,5.14,overcast clouds
83,Los Llanos De Aridane,ES,28.6585,-17.9182,58.75,81,75,5.75,broken clouds
84,Torbay,CA,47.6666,-52.7314,33.76,92,100,17.27,light snow
85,Zhigansk,RU,66.7697,123.3711,16.84,87,100,10.09,overcast clouds
86,Chapais,CA,49.7834,-74.8492,21.31,89,100,6.8,overcast clouds
87,Moyale,KE,3.5167,39.0584,66.47,86,69,4.38,light rain
88,Sioux Lookout,CA,50.1001,-91.917,37.47,93,100,10.36,mist
89,Gizo,SB,-8.103,156.8419,85.32,63,96,3.44,overcast clouds
90,Bethel,US,41.3712,-73.414,55.49,60,75,6.91,light rain
91,Kununurra,AU,-15.7667,128.7333,87.78,40,4,13.8,clear sky
92,Yellowknife,CA,62.456,-114.3525,32.56,76,11,10.0,few clouds
93,Kuryk,KZ,43.2,51.65,52.02,60,4,4.74,clear sky
94,Darfield,GB,53.5339,-1.376,45.46,91,21,4.0,few clouds
95,Qaanaaq,GL,77.484,-69.3632,-4.0,77,27,6.51,scattered clouds
96,Lebu,CL,-37.6167,-73.65,54.59,84,74,13.13,broken clouds
97,Arraial Do Cabo,BR,-22.9661,-42.0278,78.01,79,2,10.27,clear sky
98,Grabouw,ZA,-34.1515,19.0151,53.47,81,40,1.99,scattered clouds
99,Te Anau,NZ,-45.4167,167.7167,54.73,69,100,4.27,overcast clouds
100,Severo-Kurilsk,RU,50.6789,156.125,35.06,99,100,0.43,light snow
101,Bandarbeyla,SO,9.4942,50.8122,81.1,74,37,5.91,scattered clouds
102,Puerto Ayora,EC,-0.7393,-90.3518,72.19,90,77,6.15,broken clouds
103,Klaksvik,FO,62.2266,-6.589,43.72,84,100,21.27,overcast clouds
104,Lokosovo,RU,61.1333,74.8167,15.53,88,99,3.83,overcast clouds
105,New Norfolk,AU,-42.7826,147.0587,65.91,47,24,0.83,few clouds
106,Padang,ID,-0.9492,100.3543,78.85,72,86,0.6,overcast clouds
107,Hervey Bay,AU,-25.2986,152.8535,74.32,62,80,24.16,broken clouds
108,Port Hardy,CA,50.6996,-127.4199,45.48,90,100,13.42,light rain
109,Cherskiy,RU,68.75,161.3,21.4,79,100,3.24,overcast clouds
110,Antalaha,MG,-14.9003,50.2788,74.32,93,99,5.57,moderate rain
111,Port Elizabeth,ZA,-33.918,25.5701,61.11,98,6,8.99,clear sky
112,Komsomolskiy,UZ,40.4272,71.7189,65.12,55,100,6.91,overcast clouds
113,Puerto Baquerizo Moreno,EC,-0.9,-89.6,71.46,91,84,8.16,broken clouds
114,Nikolskoye,RU,59.7035,30.7861,38.88,84,100,9.17,overcast clouds
115,Muriti,TZ,-1.9833,32.9167,70.48,84,100,14.88,moderate rain
116,Upernavik,GL,72.7868,-56.1549,1.36,96,74,7.4,broken clouds
117,Sur,OM,22.5667,59.5289,82.49,50,51,10.6,broken clouds
118,Flinders,AU,-34.5833,150.8552,71.19,74,24,7.0,few clouds
119,Chuy,UY,-33.6971,-53.4616,53.6,69,0,7.2,clear sky
120,Berea,US,41.3662,-81.8543,74.46,52,20,6.91,few clouds
121,Savannah Bight,HN,16.45,-85.85,81.27,73,18,12.97,few clouds
122,Havelock,US,34.8791,-76.9013,68.97,80,0,4.61,clear sky
123,Saskylakh,RU,71.9167,114.0833,6.87,90,17,4.61,few clouds
124,Carnarvon,AU,-24.8667,113.6333,80.67,54,0,4.61,clear sky
125,Inhambane,MZ,-23.865,35.3833,71.89,85,0,1.63,clear sky
126,Kruisfontein,ZA,-34.0033,24.7314,57.88,91,66,11.12,broken clouds
127,Seoul,KR,37.5683,126.9778,67.39,63,100,4.88,overcast clouds
128,Pitimbu,BR,-7.4706,-34.8086,79.14,83,100,7.2,overcast clouds
129,Hay River,CA,60.8156,-115.7999,34.95,86,78,6.04,broken clouds
130,Trairi,BR,-3.2778,-39.2689,72.79,97,100,6.13,overcast clouds
131,Rayong,TH,12.8333,101.4333,91.98,87,67,4.56,broken clouds
132,Bani Walid,LY,31.7566,13.9942,58.51,60,42,5.17,scattered clouds
133,Hasaki,JP,35.7333,140.8333,66.6,87,100,12.68,overcast clouds
134,Mogadishu,SO,2.0371,45.3438,83.19,73,63,12.17,broken clouds
135,Lavrentiya,RU,65.5833,-171.0,30.45,77,100,1.66,overcast clouds
136,Wylie,US,33.0151,-96.5389,80.69,59,40,18.41,scattered clouds
137,Saint-Philippe,RE,-21.3585,55.7679,71.19,74,80,11.77,broken clouds
138,Chopda,IN,21.25,75.3,90.93,19,36,6.2,scattered clouds
139,Vestmannaeyjar,IS,63.4427,-20.2734,45.77,87,99,6.78,overcast clouds
140,Kimbe,PG,-5.5502,150.1429,86.72,66,75,5.19,light rain
141,Timra,SE,62.487,17.3257,35.28,69,100,5.75,overcast clouds
142,Aksum,ET,14.1245,38.7244,62.58,56,79,4.63,broken clouds
143,Ribeira Grande,PT,38.5167,-28.7,58.75,68,64,19.37,broken clouds
144,Houma,US,29.5958,-90.7195,75.2,82,100,16.11,overcast clouds
145,Hare Bay,CA,48.8499,-54.0148,34.95,98,100,11.61,snow
146,Tiksi,RU,71.6872,128.8694,8.92,91,100,3.83,overcast clouds
147,Bengkulu,ID,-3.8004,102.2655,77.0,85,100,3.24,overcast clouds
148,Sinnamary,GF,5.3833,-52.95,76.98,90,100,7.14,overcast clouds
149,Newport,GB,51.5877,-2.9984,50.45,78,100,1.01,overcast clouds
150,Sembakung,ID,3.8167,117.25,88.2,64,58,1.03,broken clouds
151,Nanortalik,GL,60.1432,-45.2371,34.86,99,100,6.67,light snow
152,Tuktoyaktuk,CA,69.4541,-133.0374,29.53,90,17,6.62,few clouds
153,San Andres,CO,12.5847,-81.7006,80.04,80,5,11.34,clear sky
154,Kodiak,US,57.79,-152.4072,42.31,87,100,18.41,light rain
155,Acari,PE,-15.4311,-74.6158,70.7,76,4,2.46,clear sky
156,Broome,US,42.2506,-75.833,55.36,66,75,4.61,broken clouds
157,Lompoc,US,34.6391,-120.4579,70.57,72,0,32.99,clear sky
158,Isangel,VU,-19.55,169.2667,81.54,67,33,13.4,scattered clouds
159,Atasu,KZ,48.6814,71.6433,38.73,43,93,21.21,overcast clouds
160,Leningradskiy,RU,69.3833,178.4167,25.92,88,100,3.83,overcast clouds
161,Orlik,RU,52.5178,99.825,22.03,55,100,0.47,overcast clouds
162,Bluff,NZ,-46.6,168.3333,52.81,71,89,20.56,overcast clouds
163,Salamiyah,SY,35.0113,37.0532,67.75,42,88,6.82,overcast clouds
164,Gat,IL,31.61,34.7642,70.39,100,49,4.88,scattered clouds
165,Sechura,PE,-5.5569,-80.8222,68.95,81,59,14.03,broken clouds
166,Sawakin,SD,19.1059,37.3321,81.45,82,0,7.16,clear sky
167,San Pedro,PH,14.35,121.0167,90.63,62,20,4.61,few clouds
168,Teya,RU,60.3778,92.6267,25.86,89,100,3.18,overcast clouds
169,Chokurdakh,RU,70.6333,147.9167,3.94,90,79,3.06,broken clouds
170,Vardo,NO,70.3705,31.1107,37.58,97,100,12.71,overcast clouds
171,Lewisporte,CA,49.2499,-55.0482,35.31,98,100,7.83,snow
172,Lata,PT,40.1629,-8.3327,47.07,95,15,2.15,few clouds
173,Tuatapere,NZ,-46.1333,167.6833,51.08,80,100,13.22,overcast clouds
174,Atuona,PF,-9.8,-139.0333,79.5,77,76,16.64,broken clouds
175,Shaoguan,CN,24.8,113.5833,80.92,77,60,3.18,broken clouds
176,Nsoko,SZ,-27.0333,31.95,64.98,98,15,3.53,few clouds
177,Alofi,NU,-19.0595,-169.9187,79.97,71,18,4.72,few clouds
178,Shingu,JP,33.7333,135.9833,61.56,98,100,8.59,moderate rain
179,Cap Malheureux,MU,-19.9842,57.6142,74.46,69,100,4.0,overcast clouds
180,Cabo San Lucas,MX,22.8909,-109.9124,74.52,72,0,6.91,clear sky
181,Hithadhoo,MV,-0.6,73.0833,84.45,73,100,5.99,overcast clouds
182,Lakes Entrance,AU,-37.8811,147.981,65.16,67,0,3.29,clear sky
183,Talcahuano,CL,-36.7167,-73.1167,53.28,100,100,10.36,drizzle
184,Polson,US,47.6936,-114.1632,47.71,73,98,1.01,overcast clouds
185,Novaya Bryan,RU,51.7159,108.2691,38.21,18,0,9.75,clear sky
186,Diffa,NE,13.3154,12.6113,87.84,15,76,6.62,broken clouds
187,Tiznit,MA,29.5833,-9.5,52.29,82,77,9.35,broken clouds
188,Djenne,ML,13.9061,-4.5533,84.6,12,21,10.87,few clouds
189,Esperance,AU,-33.8667,121.9,65.17,64,8,6.44,clear sky
190,Kajiado,KE,-1.8524,36.7768,59.25,95,100,4.68,light rain
191,Itaituba,BR,-4.2761,-55.9836,73.92,91,100,2.13,light rain
192,Matara,LK,5.9485,80.5353,79.38,85,49,5.66,scattered clouds
193,Hokitika,NZ,-42.7167,170.9667,59.16,77,74,15.1,broken clouds
194,Sao Filipe,CV,14.8961,-24.4956,74.23,75,0,7.38,clear sky
195,Arriana,GR,41.0833,25.7,51.15,82,0,4.21,clear sky
196,Luwuk,ID,-0.9516,122.7875,85.84,72,33,3.0,scattered clouds
197,Coquimbo,CL,-29.9533,-71.3436,56.93,94,100,2.3,overcast clouds
198,Port-Gentil,GA,-0.7193,8.7815,80.58,81,100,6.71,light rain
199,Cantanhede,BR,-3.6333,-44.3767,72.18,99,100,2.53,light rain
200,Hilo,US,19.7297,-155.09,82.27,82,75,11.5,broken clouds
201,Virginia Beach,US,36.8529,-75.978,67.01,71,0,5.75,clear sky
202,Atambua,ID,-9.1061,124.8925,83.79,52,84,1.41,broken clouds
203,Mana,GF,5.6592,-53.7767,76.06,92,100,5.53,overcast clouds
204,Kangaatsiaq,GL,68.3065,-53.4641,22.08,95,100,5.97,overcast clouds
205,Victor Harbor,AU,-35.5667,138.6167,70.68,76,41,14.29,scattered clouds
206,Beringovskiy,RU,63.05,179.3167,28.76,80,91,1.36,overcast clouds
207,Scarborough,GB,54.2797,-0.4044,45.34,89,0,3.0,clear sky
208,Cabras,IT,39.93,8.5314,53.64,91,9,8.19,clear sky
209,Palu,ID,-0.8917,119.8707,88.74,65,13,1.68,few clouds
210,Kavieng,PG,-2.5744,150.7967,84.85,67,45,10.36,scattered clouds
211,Zwedru,LR,6.0667,-8.1281,74.55,96,100,2.28,overcast clouds
212,Luderitz,NA,-26.6481,15.1594,54.28,77,6,23.82,clear sky
213,Georgetown,MY,5.4112,100.3354,84.13,84,20,6.91,few clouds
214,Andenes,NO,69.3143,16.1194,39.18,87,100,11.5,overcast clouds
215,Alekseyevsk,RU,57.8406,108.3492,29.77,82,100,9.13,light snow
216,Matay,EG,28.419,30.7792,64.94,43,82,8.93,broken clouds
217,Alihe,CN,50.5667,123.7167,45.93,20,40,8.59,scattered clouds
218,Sturgis,US,41.7992,-85.4192,73.06,51,0,9.22,clear sky
219,Bambous Virieux,MU,-20.3428,57.7575,75.45,69,40,14.97,scattered clouds
220,Gornopravdinsk,RU,60.05,69.9,26.44,77,97,6.24,overcast clouds
221,Kaitangata,NZ,-46.2817,169.8464,52.47,79,82,13.15,broken clouds
222,Fortuna,US,40.5982,-124.1573,53.92,82,2,1.01,clear sky
223,Labis,MY,2.385,103.021,84.31,77,75,0.89,broken clouds
224,Meadow Lake,US,34.8014,-106.5436,60.48,17,3,14.32,clear sky
225,Espanola,US,35.9911,-106.0806,55.72,19,18,3.0,few clouds
226,Presidencia Roque Saenz Pena,AR,-26.7852,-60.4388,60.82,71,0,6.67,light rain
227,Colesberg,ZA,-30.72,25.0972,52.77,84,70,4.54,broken clouds
228,Egvekinot,RU,66.3167,-179.1667,23.49,83,100,1.99,overcast clouds
229,George Town,MY,5.4112,100.3354,84.13,84,20,6.91,few clouds
230,Huarmey,PE,-10.0681,-78.1522,68.31,86,61,7.38,broken clouds
231,Merritt,CA,50.1123,-120.7942,50.49,58,15,5.75,few clouds
232,Kupang,ID,-10.1667,123.5833,85.87,55,7,5.97,clear sky
233,Ancud,CL,-41.8697,-73.8203,53.22,87,100,26.24,moderate rain
234,Mar Del Plata,AR,-38.0023,-57.5575,62.87,73,0,13.8,light rain
235,Ozinki,RU,51.1786,49.6769,42.82,92,57,4.36,broken clouds
236,Salalah,OM,17.0151,54.0924,79.9,82,32,6.71,scattered clouds
237,Mlimba,TZ,-8.8,35.8167,70.95,96,91,0.65,light rain
238,Kalmunai,LK,7.4167,81.8167,80.42,80,93,5.97,overcast clouds
239,Sobolevo,RU,54.4299,31.8996,46.53,93,100,13.82,overcast clouds
240,Kloulklubed,PW,7.0419,134.2556,79.3,84,100,12.08,light rain
241,Trinidad,BO,-14.8333,-64.9,75.27,87,34,3.2,scattered clouds
242,Koundara,GN,12.4833,-13.3,81.1,52,49,7.74,scattered clouds
243,Erzin,TR,36.9559,36.2,69.22,31,1,7.11,clear sky
244,Galveston,US,29.3669,-94.9669,75.29,87,100,16.11,overcast clouds
245,Claremore,US,36.3126,-95.6161,75.33,65,100,7.0,overcast clouds
246,Sorland,NO,67.667,12.6934,41.88,86,100,9.42,overcast clouds
247,Petropavlovsk-Kamchatskiy,RU,53.0452,158.6483,41.59,75,75,8.95,light rain
248,Emborion,GR,40.4833,21.55,50.36,84,8,1.99,clear sky
249,Krasnoselkup,RU,65.7,82.4667,6.55,93,97,7.38,overcast clouds
250,Jalu,LY,29.0331,21.5482,64.4,55,0,10.27,clear sky
251,Miracema Do Tocantins,BR,-9.5618,-48.3967,73.08,91,80,1.79,broken clouds
252,Mabaruma,GY,8.2,-59.7833,73.29,95,31,3.83,scattered clouds
253,Salinopolis,BR,-0.6136,-47.3561,74.44,92,99,5.35,overcast clouds
254,San Quintin,MX,30.4833,-115.95,60.19,72,0,12.59,clear sky
255,Port Lincoln,AU,-34.7333,135.8667,67.51,73,97,18.19,overcast clouds
256,San Rafael,AR,-34.6177,-68.3301,63.37,52,1,5.48,clear sky
257,Magnitogorsk,RU,53.4186,59.0472,29.23,80,35,6.71,scattered clouds
258,Dickinson,US,29.4608,-95.0513,75.27,86,75,8.05,broken clouds
259,Farafangana,MG,-22.8167,47.8333,74.77,82,100,12.28,overcast clouds
260,Katherine,AU,-14.4667,132.2667,89.92,48,40,11.5,scattered clouds
261,Ostrovnoy,RU,68.0531,39.5131,30.81,91,87,14.92,overcast clouds
262,Sar-E Pul,AF,35.8333,66.1667,54.84,72,85,0.58,overcast clouds
263,Mayor Pablo Lagerenza,PY,-19.9309,-60.7718,82.38,60,91,8.1,overcast clouds
264,Binzhou,CN,37.3667,118.0167,81.75,41,83,9.71,broken clouds
265,Saint-Louis,SN,16.3333,-15.0,83.53,22,0,15.3,clear sky
266,Pevek,RU,69.7008,170.3133,16.68,89,99,1.83,overcast clouds
267,Reconquista,AR,-29.15,-59.65,55.6,79,0,7.36,clear sky
268,Lara,AU,-38.0167,144.4,64.78,67,100,6.91,overcast clouds
269,Asyut,EG,27.181,31.1837,67.64,31,2,6.04,clear sky
270,Tolmin,SI,46.183,13.7332,55.9,93,100,2.77,overcast clouds
271,Svetlaya,RU,46.5389,138.3297,46.94,76,83,14.27,broken clouds
272,Voyvozh,RU,62.892,54.9635,33.39,100,100,0.89,overcast clouds
273,Calatrava,PH,10.595,123.4838,84.11,74,79,8.52,broken clouds
274,Manay,PH,7.215,126.5397,85.51,69,88,8.08,overcast clouds
275,Jacareacanga,BR,-6.2222,-57.7528,73.22,98,97,2.28,overcast clouds
276,Baiyin,CN,36.5583,104.2081,58.28,45,100,16.33,overcast clouds
277,Yablochnyy,RU,47.1661,142.0661,47.37,62,100,23.4,heavy intensity rain
278,Khani,GE,41.9563,42.9566,56.77,66,0,7.54,clear sky
279,Nakamura,JP,32.9833,132.9333,62.73,98,100,1.36,moderate rain
280,Harper,LR,4.375,-7.7169,80.4,82,99,4.03,overcast clouds
281,Coahuayana,MX,18.7333,-103.6833,72.18,78,0,3.13,clear sky
282,Blagoveshchensk,RU,50.2667,127.5333,47.01,31,0,13.42,clear sky
283,Joensuu,FI,62.6012,29.7632,30.69,80,75,5.75,broken clouds
284,Constitucion,CL,-35.3333,-72.4167,56.91,90,100,4.99,overcast clouds
285,Terrace,CA,54.5163,-128.6035,44.53,96,100,2.66,light rain
286,Saldanha,ZA,-33.0117,17.9442,57.34,71,3,12.62,clear sky
287,Roebourne,AU,-20.7833,117.1333,87.42,28,2,16.13,clear sky
288,Ambulu,ID,-8.345,113.6058,83.52,73,100,1.5,overcast clouds
289,Kaliua,TZ,-5.0606,31.7936,65.43,96,100,3.24,light rain
290,Calama,CL,-22.4667,-68.9333,46.89,34,0,16.11,clear sky
291,Lasa,IT,46.6166,10.7002,40.69,98,99,7.34,overcast clouds
292,Asau,RO,46.4333,26.4,47.32,100,33,3.74,scattered clouds
293,Bobbili,IN,18.5667,83.3667,88.66,52,88,1.81,overcast clouds
294,Neftegorsk,RU,52.802,51.166,43.32,87,80,3.38,broken clouds
295,Willowmore,ZA,-33.2926,23.4895,49.35,91,3,4.07,clear sky
296,Souillac,MU,-20.5167,57.5167,75.58,69,40,14.97,scattered clouds
297,Kailua,US,21.4022,-157.7394,82.38,77,75,18.41,broken clouds
298,Alta Floresta,BR,-9.8756,-56.0861,71.87,96,100,2.08,overcast clouds
299,Ahipara,NZ,-35.1667,173.1667,64.87,65,100,14.94,overcast clouds
300,Capoterra,IT,39.1763,8.9718,58.41,77,0,1.14,clear sky
301,Krabi,TH,8.0726,98.9105,89.06,78,98,4.79,overcast clouds
302,Tual,ID,-5.6667,132.75,83.77,71,75,5.06,broken clouds
303,Tasiilaq,GL,65.6145,-37.6368,35.76,89,91,7.52,overcast clouds
304,Kande,TG,9.9578,1.0447,81.12,56,64,4.99,broken clouds
305,Port Shepstone,ZA,-30.7414,30.455,66.67,83,12,5.82,few clouds
306,Anloga,GH,5.7947,0.8973,81.48,85,100,10.31,overcast clouds
307,Amursk,RU,50.2261,136.8994,36.66,98,100,3.22,overcast clouds
308,Mikuni,JP,36.2171,136.1519,65.77,65,100,3.65,overcast clouds
309,Zhangye,CN,38.9342,100.4517,65.84,13,3,2.98,clear sky
310,Adrar,MR,20.5022,-10.0711,69.85,31,0,10.96,clear sky
311,Sitka,US,57.0531,-135.33,49.89,53,100,11.5,overcast clouds
312,Tigzirt,DZ,36.8886,4.1198,57.4,61,0,7.31,clear sky
313,Kahta,TR,37.7855,38.6237,69.17,39,8,1.43,clear sky
314,Naze,JP,28.3667,129.4833,71.42,86,100,17.83,light rain
315,Urucara,BR,-2.5364,-57.76,73.63,97,100,3.0,overcast clouds
316,San Juan,AR,-31.5375,-68.5364,66.9,42,97,1.3,overcast clouds
317,Camacha,PT,33.0833,-16.3333,54.82,72,20,2.3,few clouds
318,Pangai,TO,-19.8,-174.35,79.5,64,100,5.35,overcast clouds
319,Aripuana,BR,-9.1667,-60.6333,72.84,98,23,1.74,few clouds
320,Lahat,ID,-3.8,103.5333,73.24,98,100,2.84,overcast clouds
321,Ceres,US,37.5949,-120.9577,75.06,26,0,13.8,clear sky
322,Aklavik,CA,68.2191,-135.0107,31.6,97,84,8.21,broken clouds
323,Paamiut,GL,61.994,-49.6678,31.42,93,100,0.92,overcast clouds
324,Mount Gambier,AU,-37.8333,140.7667,65.62,50,0,8.08,clear sky
325,Daru,PG,-9.0763,143.2092,80.02,84,100,3.83,overcast clouds
326,Yokadouma,CM,3.5167,15.05,69.21,100,72,2.21,broken clouds
327,Oksfjord,NO,70.2396,22.3479,34.0,90,100,6.33,overcast clouds
328,Beloha,MG,-25.1667,45.05,73.58,82,100,5.03,overcast clouds
329,Oktyabrskiy,RU,54.4815,53.471,40.82,76,93,3.06,overcast clouds
330,Luanda,AO,-8.8368,13.2343,75.94,89,99,5.03,overcast clouds
331,Fairbanks,US,64.8378,-147.7164,53.94,37,75,5.75,broken clouds
332,Cedral,MX,23.8,-100.7333,71.65,48,54,14.32,broken clouds
333,Tabou,CI,4.423,-7.3528,80.22,84,100,3.56,overcast clouds
334,Yulara,AU,-25.2406,130.9889,75.29,37,2,15.08,clear sky
335,Loveland,US,40.3978,-105.075,53.83,33,0,14.97,clear sky
336,Natchez,US,31.5604,-91.4032,74.64,73,0,14.97,clear sky
337,Ketrzyn,PL,54.0768,21.3753,42.71,96,100,9.69,overcast clouds
338,Aasiaat,GL,68.7098,-52.8699,23.47,94,100,4.79,overcast clouds
339,Russell,US,32.3502,-85.1999,73.0,88,0,0.0,clear sky
340,Hami,CN,42.8,93.45,70.7,18,6,11.1,clear sky
341,Nouadhibou,MR,20.931,-17.0347,64.42,76,52,16.31,broken clouds
342,Chernyshevskiy,RU,63.0128,112.4714,23.79,79,100,5.01,overcast clouds
343,Letlhakane,BW,-21.4167,25.5833,68.32,60,90,6.13,overcast clouds
344,Kamphaeng Phet,TH,16.25,99.5,91.02,47,4,4.88,clear sky
345,Progreso,MX,21.2833,-89.6667,80.11,80,0,17.4,clear sky
346,Corinto,GR,37.9407,22.9573,58.41,79,1,3.85,clear sky
347,Usinsk,RU,65.9939,57.5281,17.8,80,100,1.88,overcast clouds
348,Thinadhoo,MV,0.5333,72.9333,84.92,70,100,6.13,overcast clouds
349,Casa Nova,BR,-9.4167,-41.1333,78.75,64,30,15.23,moderate rain
350,Kholmogory,RU,64.2229,41.656,30.09,95,100,4.43,overcast clouds
351,Nyurba,RU,63.2842,118.3319,29.14,83,100,2.98,overcast clouds
352,Micheweni,TZ,-4.9667,39.8333,80.31,81,82,6.13,broken clouds
353,Iskateley,RU,67.6803,53.1512,8.01,95,100,5.53,overcast clouds
354,Kahului,US,20.8947,-156.47,82.42,71,40,20.71,scattered clouds
355,Sao Joao Da Barra,BR,-21.6403,-41.0511,76.64,76,6,8.32,clear sky
356,Korla,CN,41.7597,86.1469,71.29,20,0,4.76,clear sky
357,Laviana,ES,43.2333,-5.5333,50.49,96,98,4.7,overcast clouds
358,Cozumel,MX,20.5083,-86.9458,78.01,82,0,8.01,clear sky
359,Khor,RU,47.8861,134.9464,45.07,66,100,24.74,overcast clouds
360,Anadyr,RU,64.75,177.4833,28.49,79,64,6.53,broken clouds
361,Puerto Carreno,CO,6.189,-67.4859,83.66,65,100,5.82,overcast clouds
362,El Real De Santa Maria,PA,8.109,-77.7325,74.48,97,26,0.69,scattered clouds
363,San Isidro,PE,-12.1167,-77.05,70.02,76,40,10.36,scattered clouds
364,Siuna,NI,13.7332,-84.7773,72.48,89,5,2.89,clear sky
365,Marti,CU,22.9475,-80.9203,75.42,74,10,14.56,clear sky
366,Am Timan,TD,11.0297,20.2827,85.78,41,96,6.38,overcast clouds
367,Amahai,ID,-3.3333,128.9167,84.79,68,81,4.21,broken clouds
368,Cabedelo,BR,-6.9811,-34.8339,78.71,84,100,7.52,overcast clouds
369,Olafsvik,IS,64.8945,-23.7142,45.01,83,99,6.62,overcast clouds
370,Wattegama,LK,6.7989,81.4808,77.86,83,41,1.39,scattered clouds
371,Rio Grande,BR,-32.035,-52.0986,58.39,65,0,7.4,clear sky
372,Kigorobya,UG,1.6162,31.3089,66.58,91,100,3.04,light rain
373,Gurupa,BR,-1.405,-51.64,72.99,98,99,1.57,overcast clouds
374,Krasnotorka,UA,48.682,37.5327,51.78,73,100,6.46,overcast clouds
375,Port Augusta,AU,-32.5,137.7667,78.66,41,100,11.23,overcast clouds
376,Mlonggo,ID,-6.5333,110.7,84.2,76,100,2.66,overcast clouds
377,Bonavista,CA,48.6499,-53.1147,32.52,93,100,20.76,light snow
378,Port Blair,IN,11.6667,92.75,86.04,79,20,9.22,mist
379,Buala,SB,-8.145,159.5921,85.69,68,24,4.27,light rain
380,Talnakh,RU,69.4865,88.3972,-0.8,95,56,3.02,broken clouds
381,Southbridge,US,42.0751,-72.0334,55.72,50,100,1.01,overcast clouds
382,Marstal,DK,54.8562,10.5173,48.11,82,8,16.31,clear sky
383,Tirukkoyilur,IN,11.95,79.2,83.57,60,94,3.4,overcast clouds
384,Deputatskiy,RU,69.3,139.9,11.62,87,100,3.42,overcast clouds
385,Cidreira,BR,-30.1811,-50.2056,59.27,72,0,7.09,clear sky
386,Itarema,BR,-2.9248,-39.9167,73.8,95,100,11.83,light rain
387,Ouadda,CF,8.0777,22.4007,70.48,83,100,3.04,overcast clouds
388,Itoman,JP,26.1247,127.6694,82.78,78,75,17.27,broken clouds
389,Karratha,AU,-20.7377,116.8463,88.2,31,4,13.24,light rain
390,Clyde,US,41.3042,-82.9752,71.29,58,51,10.13,broken clouds
391,Niquelandia,BR,-14.4739,-48.4597,70.11,82,75,2.19,broken clouds
392,Lorengau,PG,-2.0226,147.2712,84.65,72,91,8.97,overcast clouds
393,Ganzhou,CN,28.8184,115.4327,78.44,74,9,4.59,clear sky
394,Sangueya,GN,10.7,-14.3667,77.4,82,96,3.38,overcast clouds
395,Shieli,KZ,44.1667,66.75,60.53,78,36,4.94,scattered clouds
396,Brufut,GM,13.3814,-16.7518,69.89,78,0,4.61,clear sky
397,Chicama,PE,-7.8447,-79.1469,59.54,83,92,4.97,overcast clouds
398,Kavaratti,IN,10.5669,72.642,84.33,70,95,3.6,overcast clouds
399,Fenoarivo,MG,-18.933,47.4354,64.47,88,75,6.91,broken clouds
400,Codrington,AU,-38.2667,141.9667,63.9,55,6,9.55,clear sky
401,Ngorongoro,TZ,-3.2397,35.4875,52.97,95,100,3.33,light rain
402,Nyrob,RU,60.733,56.7202,33.44,95,51,3.51,broken clouds
403,Fort Wellington,GY,6.4,-57.6,76.35,91,100,6.98,overcast clouds
404,Vondrozo,MG,-22.8167,47.2833,66.24,99,100,3.89,moderate rain
405,Serro,BR,-18.6047,-43.3794,66.09,61,3,2.17,clear sky
406,Lagoa,PT,39.05,-27.9833,57.49,69,2,24.63,clear sky
407,Bilibino,RU,68.0546,166.4372,19.22,77,95,2.08,overcast clouds
408,Touros,BR,-5.1989,-35.4608,76.41,89,100,7.72,overcast clouds
409,Kaspiyskiy,RU,45.3929,47.3707,51.75,74,45,5.32,scattered clouds
410,Seondha,IN,26.1578,78.7797,90.05,12,0,2.08,clear sky
411,Ocos,GT,14.5094,-92.1933,78.98,64,24,4.38,few clouds
412,Talavera De La Reina,ES,39.9635,-4.8308,41.07,91,0,3.98,clear sky
413,Strezhevoy,RU,60.7333,77.5889,14.36,90,87,6.85,overcast clouds
414,Mehamn,NO,71.0357,27.8492,38.77,96,100,19.6,overcast clouds
415,Marawi,PH,7.9986,124.2928,80.82,63,21,3.04,few clouds
416,Quevedo,EC,-1.0333,-79.45,74.53,93,97,1.43,moderate rain
417,Dryden,CA,49.7833,-92.7503,37.69,93,100,10.36,overcast clouds
418,Campeche,MX,19.0,-90.5,76.1,70,63,3.18,broken clouds
419,Tomatlan,MX,19.9333,-105.25,70.56,73,0,4.29,clear sky
420,Haines Junction,CA,60.7522,-137.5108,46.35,42,100,3.44,overcast clouds
421,Ardakan,IR,32.31,54.0175,66.49,34,5,0.4,clear sky
422,Raudeberg,NO,61.9875,5.1352,45.27,86,17,5.95,few clouds
423,Caborca,MX,30.5838,-111.101,70.48,20,0,10.83,clear sky
424,Nome,US,64.5011,-165.4064,44.67,57,100,6.91,overcast clouds
425,Batemans Bay,AU,-35.7167,150.1833,66.09,69,15,6.24,few clouds
426,Lakhisarai,IN,25.1768,86.0932,91.6,13,0,7.63,clear sky
427,Wahiawa,US,21.5028,-158.0236,79.12,75,100,8.05,overcast clouds
428,Agadez,NE,19.75,10.25,85.3,11,20,7.83,few clouds
429,Dandong,CN,40.1292,124.3947,61.72,47,82,7.78,light rain
430,Alto Longa,BR,-5.2511,-42.2103,70.63,98,100,4.65,heavy intensity rain
431,Vargem Grande,BR,-3.5431,-43.9158,72.09,100,100,2.62,overcast clouds
432,Gamba,GA,-2.65,10.0,76.26,91,100,1.88,overcast clouds
433,Isla Vista,US,34.4133,-119.861,73.31,49,0,7.0,clear sky
434,Mvuma,ZW,-19.2792,30.5283,57.42,96,1,4.43,clear sky
435,Opuwo,NA,-18.0607,13.84,62.67,58,3,3.18,clear sky
436,Saint-Georges,GD,12.0564,-61.7485,77.22,76,15,11.72,few clouds
437,Zelenoborskiy,RU,66.845,32.3622,27.55,93,65,4.12,broken clouds
438,Abu Samrah,SY,35.3029,37.1841,67.32,31,42,4.99,scattered clouds
439,Eyl,SO,7.9803,49.8164,81.05,77,20,6.55,few clouds
440,Praxedis Guerrero,MX,31.3667,-106.0167,76.46,14,6,8.93,clear sky
441,Pergamino,AR,-33.89,-60.5736,58.17,73,95,10.6,overcast clouds
442,Beidao,CN,34.5686,105.8933,53.04,84,100,7.74,light rain
443,Morgan City,US,29.6994,-91.2068,75.0,100,100,16.11,overcast clouds
444,Phangnga,TH,8.4509,98.5298,86.04,74,61,2.48,broken clouds
445,Teguldet,RU,57.3064,88.1667,25.79,69,32,4.85,scattered clouds
446,Brae,GB,60.3964,-1.353,45.12,75,96,13.76,overcast clouds
447,Santa Marinella,IT,42.0345,11.8536,58.91,97,100,11.16,overcast clouds
448,Port Hedland,AU,-20.3167,118.5667,91.45,17,0,12.66,clear sky
449,Iznoski,RU,54.9881,35.3108,46.56,87,100,8.95,light rain
450,Laguna,US,38.421,-121.4238,75.49,17,0,10.36,clear sky
451,Faanui,PF,-16.4833,-151.75,79.75,77,75,8.25,moderate rain
452,Nuuk,GL,64.1835,-51.7216,32.61,93,75,20.71,broken clouds
453,Bilma,NE,18.6853,12.9164,85.77,11,5,5.86,clear sky
454,Sibut,CF,5.718,19.0739,73.74,79,96,4.16,overcast clouds
455,Jonava,LT,55.0833,24.2833,44.65,98,100,8.05,overcast clouds
456,Hoi An,VN,15.8794,108.335,87.76,78,55,5.97,broken clouds
457,Santa Maria,BR,-29.6842,-53.8069,53.26,79,0,3.49,clear sky
458,Gigmoto,PH,13.7796,124.39,85.23,69,66,5.55,broken clouds
459,Krasnaya Gorka,RU,55.1962,56.6673,40.98,78,69,2.33,broken clouds
460,Caidian,CN,30.5833,114.0333,79.14,63,3,7.11,clear sky
461,Centerville,US,39.6284,-84.1594,71.74,61,0,6.91,clear sky
462,Road Town,VG,18.4167,-64.6167,77.04,69,20,11.5,few clouds
463,Freeport,US,40.6576,-73.5832,57.18,71,100,3.44,overcast clouds
464,Kameda,JP,37.8667,139.1167,70.92,63,0,10.36,clear sky
465,Ust-Maya,RU,60.4167,134.5333,35.51,53,89,4.83,overcast clouds
466,Benjamin Constant,BR,-4.3831,-70.0311,78.93,94,77,2.53,broken clouds
467,Ponta Delgada,PT,37.7333,-25.6667,56.5,76,20,11.5,few clouds
468,Nago,JP,26.5881,127.9761,82.83,79,62,11.92,broken clouds
469,Hamilton,US,39.1834,-84.5333,72.57,59,0,5.75,clear sky
470,Lincoln,US,40.8,-96.667,60.69,35,0,28.77,clear sky
471,Cayenne,GF,4.9333,-52.3333,79.09,1,0,0.0,clear sky
472,Sao Lourenco Do Sul,BR,-31.3653,-51.9783,57.22,60,0,4.99,clear sky
473,Mayumba,GA,-3.432,10.6554,77.61,87,100,1.57,overcast clouds
474,Panalingaan,PH,8.7842,117.4231,86.88,64,81,2.21,broken clouds
475,Quatre Cocos,MU,-20.2078,57.7625,75.31,65,99,17.16,overcast clouds
476,Shizunai,JP,42.3339,142.3669,48.2,64,22,10.51,few clouds
477,Synya,RU,65.3718,58.0387,21.47,87,100,1.57,overcast clouds
478,Nampula,MZ,-15.1165,39.2666,70.52,97,100,4.23,overcast clouds
479,Naron,ES,43.5167,-8.1528,52.68,90,91,8.61,overcast clouds
480,Pitanga,BR,-24.7572,-51.7614,62.13,99,100,0.25,overcast clouds
481,Arrifes,PT,37.7667,-25.7,54.23,76,20,11.5,few clouds
482,Geraldton,AU,-28.7667,114.6,79.21,34,2,16.11,clear sky
483,Kokopo,PG,-4.352,152.2633,84.15,65,88,4.38,overcast clouds
484,Tarnogskiy Gorodok,RU,60.4997,43.5761,32.04,94,100,3.58,overcast clouds
485,Axim,GH,4.8699,-2.2405,79.65,88,100,5.06,overcast clouds
486,Moose Factory,CA,51.2585,-80.6094,35.6,51,100,11.5,overcast clouds
487,Saint Anthony,US,45.0205,-93.218,61.05,81,100,25.32,overcast clouds
488,Karpathos,GR,35.507,27.2132,60.76,88,0,9.22,clear sky
489,Yar-Sale,RU,66.8333,70.8333,-4.22,98,73,2.19,broken clouds
490,Dunedin,NZ,-45.8742,170.5036,56.8,66,97,15.01,overcast clouds
491,Puerto Rondon,CO,6.2805,-71.1,80.47,74,100,5.17,overcast clouds
492,College,US,64.8569,-147.8028,53.92,38,75,5.75,broken clouds
493,Praia Da Vitoria,PT,38.7333,-27.0667,56.75,88,40,13.15,scattered clouds
494,Umm Kaddadah,SD,13.6017,26.6876,78.19,9,4,11.36,clear sky
495,Belton,US,38.812,-94.5319,71.49,64,75,21.85,broken clouds
496,Faya,SA,18.3851,42.4509,59.11,41,25,3.65,scattered clouds
497,Simnas,LT,54.4,23.65,41.0,95,100,5.53,overcast clouds
498,Port-De-Bouc,FR,43.4,4.9833,53.58,84,0,6.91,clear sky
499,Stabat,ID,3.761,98.4513,80.8,70,38,1.25,scattered clouds
500,Katsuura,JP,35.1333,140.3,66.22,88,100,7.7,heavy intensity rain
501,Sulam,IL,32.6061,35.3341,64.85,77,100,2.42,overcast clouds
502,Biryusinsk,RU,55.9634,97.8235,27.59,46,100,4.45,overcast clouds
503,Ourossogui,SN,15.6064,-13.3211,86.72,19,0,14.94,clear sky
504,Ulkan,RU,57.243,107.3223,27.41,79,100,8.99,light snow
505,Sisimiut,GL,66.9395,-53.6735,28.72,97,100,5.32,light snow
506,Vaitape,PF,-16.5167,-151.75,79.75,76,75,8.16,moderate rain
507,San Patricio,US,28.017,-97.5169,77.09,73,98,16.51,overcast clouds
508,Nemuro,JP,43.3236,145.575,42.78,71,3,20.07,clear sky
509,Itai,BR,-23.4178,-49.0906,64.06,92,51,1.16,broken clouds
510,Sal Rei,CV,16.1833,-22.9167,70.72,79,1,16.33,clear sky
511,Bafoulabe,ML,13.8065,-10.8321,90.68,12,8,6.29,clear sky
512,Iranshahr,IR,27.2025,60.6848,75.54,29,0,0.0,clear sky
513,Wenling,CN,28.3669,121.36,68.32,90,89,5.91,overcast clouds
514,Ketchikan,US,55.3422,-131.6461,45.07,81,100,19.57,moderate rain
515,Neuquen,AR,-38.9516,-68.0591,51.69,66,0,2.3,clear sky
516,Altay,CN,47.8667,88.1167,39.29,96,100,4.81,light rain
517,Richards Bay,ZA,-28.783,32.0377,67.66,95,5,2.51,clear sky
518,Ushirombo,TZ,-3.4919,31.9639,65.43,96,100,3.83,overcast clouds
519,Kaeo,NZ,-35.1,173.7833,70.32,66,43,11.21,scattered clouds
520,Mitsamiouli,KM,-11.3847,43.2844,81.23,82,100,11.16,overcast clouds
521,Fort Nelson,CA,58.8053,-122.7002,51.39,35,75,16.11,broken clouds
522,Yumen,CN,40.2833,97.2,65.17,16,63,7.65,broken clouds
523,Pingyi,CN,35.5006,117.6308,78.98,44,95,10.22,overcast clouds
524,Marsa Matruh,EG,31.3525,27.2453,63.32,56,0,3.94,clear sky
525,Vanimo,PG,-2.6741,141.3028,86.18,64,50,6.24,scattered clouds
526,Lingao,CN,19.9103,109.6859,83.91,66,5,5.5,clear sky
527,Paragominas,BR,-2.9667,-47.4833,70.45,99,98,0.74,light rain
528,Bambanglipuro,ID,-7.95,110.2833,82.62,79,100,2.59,overcast clouds
529,Pirgos,GR,35.1167,25.7178,60.62,81,0,4.97,clear sky
530,Half Moon Bay,US,37.4636,-122.4286,67.78,65,0,24.16,mist
531,Olinda,BR,-8.0089,-34.8553,82.13,78,40,4.61,scattered clouds
532,Vicuna,CL,-30.0319,-70.7081,49.73,53,4,1.74,clear sky
533,Hualmay,PE,-11.0964,-77.6139,67.46,86,13,8.72,few clouds
534,Srednekolymsk,RU,67.45,153.6833,20.64,79,100,3.24,overcast clouds
535,Lucea,JM,18.451,-78.1736,75.06,80,100,8.72,overcast clouds
536,Phan Thiet,VN,10.9333,108.1,86.47,63,68,6.87,broken clouds
537,Tikrit,IQ,34.6071,43.6782,73.65,14,100,2.73,overcast clouds
538,Santa Isabel,BR,-23.3156,-46.2214,70.9,79,1,3.58,clear sky
539,Matadi,CD,-5.8167,13.45,74.98,96,100,0.76,overcast clouds
540,Gazanjyk,TM,39.2446,55.5154,61.5,66,0,4.36,clear sky
541,Arman,RU,59.7,150.1667,31.86,61,100,4.68,overcast clouds
542,Tevriz,RU,57.509,72.4042,28.18,66,100,3.31,overcast clouds
543,Sorkjosen,NO,69.8,20.9333,30.2,93,75,3.44,broken clouds
544,Leopold,AU,-38.1833,144.4667,64.18,66,100,6.91,overcast clouds
545,Maltahohe,NA,-24.8333,16.9833,56.86,66,0,7.2,clear sky
546,Bergschenhoek,NL,51.99,4.4986,53.06,72,41,10.36,scattered clouds
547,Malanje,AO,-9.5402,16.341,61.43,94,97,2.71,overcast clouds
548,Dawei,MM,14.0833,98.2,85.98,70,65,4.7,broken clouds
549,Birin,NP,26.8865,88.0718,67.87,58,0,2.57,clear sky
550,Acapulco,MX,16.8634,-99.8901,80.42,78,40,9.22,scattered clouds
551,Grindavik,IS,63.8424,-22.4338,43.27,81,75,0.0,broken clouds
552,Tautira,PF,-17.7333,-149.15,79.21,79,96,12.15,moderate rain
553,Guangshui,CN,31.6199,113.9978,77.9,65,4,6.93,clear sky
554,Nazca,PE,-14.8333,-74.95,69.85,69,7,3.62,clear sky
555,Xiamen,CN,24.4798,118.0819,80.65,78,40,6.71,mist
556,Tourlaville,FR,49.6383,-1.5664,53.02,87,100,11.5,overcast clouds
557,Naryan-Mar,RU,67.6713,53.087,8.17,95,100,5.55,overcast clouds
558,Homer,US,59.6425,-151.5483,47.77,68,100,5.01,overcast clouds
559,Stephenville,US,32.2207,-98.2023,78.87,61,0,16.11,clear sky
560,Plana Nad Luznici,CZ,49.3544,14.7015,50.45,93,100,12.53,overcast clouds
561,Prince Rupert,CA,54.3161,-130.3201,44.69,81,100,33.38,light rain
562,Langsa,ID,4.4683,97.9683,85.87,67,60,1.07,broken clouds
563,Husavik,IS,66.0449,-17.3389,43.84,77,90,5.61,overcast clouds
564,Margate,GB,51.3813,1.3862,53.31,81,100,5.01,overcast clouds
565,Gouyave,GD,12.1646,-61.7296,75.97,83,20,0.0,few clouds
566,Sorong,ID,-0.8833,131.25,85.19,69,81,5.32,broken clouds
567,Zambezi,ZM,-13.5432,23.1047,66.85,77,100,3.85,overcast clouds
568,Bayan,CN,46.0833,127.4,53.65,29,47,13.44,scattered clouds
569,Baruun-Urt,MN,46.6806,113.2792,51.24,29,57,11.97,broken clouds
570,Aksaray,TR,38.3726,34.0254,58.24,40,5,2.93,clear sky
571,Worthington,US,40.0931,-83.018,73.45,59,0,5.75,clear sky
572,Juli,PE,-16.2167,-69.45,39.6,77,6,2.01,clear sky
573,Victoria,HK,22.2855,114.1577,84.25,83,65,5.01,broken clouds
574,Cobija,BO,-11.0267,-68.7692,78.8,76,100,1.95,overcast clouds
575,Chak Azam Sahu,PK,30.75,73.0333,82.47,24,0,5.57,clear sky
576,Casian,PH,11.035,119.7136,83.53,77,100,16.4,overcast clouds
577,Nan,TH,18.8333,100.6667,82.42,79,0,1.14,clear sky
578,Pisco,PE,-13.7,-76.2167,64.45,88,0,3.44,clear sky
579,Linfen,CN,36.0889,111.5189,74.37,32,100,1.97,light rain
580,Brownsville,US,25.9018,-97.4975,78.1,83,100,7.0,overcast clouds
581,Gagra,GE,43.3283,40.2239,56.32,55,0,9.35,clear sky
582,Buin,CL,-33.7333,-70.75,64.74,61,86,2.15,overcast clouds
583,Banisilan,PH,7.4908,124.7242,82.36,64,61,3.13,broken clouds
584,Akdepe,TM,42.0551,59.3788,57.29,59,28,12.44,scattered clouds
585,Sohbatpur,PK,28.5202,68.5434,88.88,13,100,5.23,overcast clouds
586,Guia,ES,28.1397,-15.6329,60.98,76,100,7.81,overcast clouds
587,Zenzeli,RU,45.9241,47.0474,50.13,77,54,5.35,broken clouds
588,Venice,US,27.0998,-82.4543,77.02,59,40,12.66,scattered clouds
589,Iqaluit,CA,63.7506,-68.5145,6.53,78,20,2.3,few clouds
590,Dongzhen,CN,22.3797,110.9389,82.8,72,19,8.93,moderate rain
591,Bloomsburg,US,41.0037,-76.4549,55.58,66,10,3.36,clear sky
592,Ambilobe,MG,-13.2,49.05,70.56,92,75,3.71,broken clouds
593,Puerto Cabello,VE,10.4731,-68.0125,76.64,83,100,8.01,overcast clouds
594,Matagami,CA,49.7502,-77.6328,35.71,35,100,8.05,overcast clouds
595,Ondjiva,AO,-17.0667,15.7333,61.9,52,6,5.41,clear sky
596,Oistins,BB,13.0667,-59.5333,77.09,73,20,14.97,few clouds
597,Gushikawa,JP,26.3544,127.8686,81.99,63,75,12.66,broken clouds
598,Kyra,RU,49.5776,111.9753,40.08,26,47,12.86,scattered clouds
599,Igrim,RU,63.1906,64.4162,25.86,97,100,3.33,overcast clouds
600,Cartagena,CO,10.3997,-75.5144,80.22,83,20,3.44,few clouds
601,Santa Ana,US,33.7456,-117.8678,75.25,47,0,10.36,clear sky
602,Umea,SE,63.8284,20.2597,28.33,86,75,4.61,broken clouds
603,General Roca,AR,-39.0333,-67.5833,60.73,36,0,24.18,clear sky
604,Carhuaz,PE,-9.2819,-77.6447,56.64,92,100,2.1,overcast clouds
605,Muzhi,RU,65.3667,64.6667,8.53,94,100,2.39,overcast clouds
606,Broken Hill,AU,-31.95,141.4333,73.26,44,97,15.21,overcast clouds
607,Udachnyy,RU,66.4167,112.4,16.86,81,98,4.43,overcast clouds
608,Evensk,RU,61.95,159.2333,28.72,72,93,23.6,overcast clouds
609,Barreirinha,BR,-2.7933,-57.07,74.23,96,100,3.11,overcast clouds
610,Mersing,MY,2.4312,103.8405,85.91,79,40,3.44,scattered clouds
611,Saint-Augustin,CA,51.226,-58.6502,33.96,98,100,14.18,light snow
612,Liepaja,LV,56.5419,21.0367,46.38,66,0,11.5,clear sky
613,Shenzhen,CN,22.5455,114.0683,84.15,99,60,6.24,broken clouds
614,Bahia De Caraquez,EC,-0.6,-80.4167,78.98,85,36,5.1,scattered clouds
615,Fallon,US,39.4735,-118.7774,58.44,22,0,5.75,clear sky
616,Grand Gaube,MU,-20.0064,57.6608,75.6,66,100,5.99,overcast clouds
617,Santa Cruz De Tenerife,ES,28.4682,-16.2546,63.72,91,40,5.99,scattered clouds
618,Muros,ES,42.7762,-9.0603,54.84,84,56,7.83,broken clouds
619,Lokomotivnyy,RU,53.0118,60.5684,37.22,50,100,6.4,overcast clouds
620,Sambava,MG,-14.2667,50.1667,74.62,92,97,8.72,moderate rain
621,Port Macquarie,AU,-31.4333,152.9167,67.89,77,40,2.3,scattered clouds
622,Belaya Gora,RU,68.5333,146.4167,18.88,82,99,5.03,overcast clouds
623,Tessalit,ML,20.1986,1.0114,77.09,8,0,7.74,clear sky
624,Killarney,IE,52.05,-9.5167,45.12,92,67,4.61,broken clouds
625,Sibolga,ID,1.7427,98.7792,83.37,74,100,1.66,overcast clouds
626,San Jeronimo,PE,-11.9472,-75.2829,48.29,86,65,4.34,broken clouds
627,Ust-Tsilma,RU,65.441,52.1498,30.6,98,100,0.54,overcast clouds
628,Lima,PE,-12.0432,-77.0282,68.9,76,40,10.36,scattered clouds
629,Aguimes,ES,27.9054,-15.4461,59.67,67,75,6.91,broken clouds
630,Itirapina,BR,-22.2528,-47.8228,62.87,80,0,1.23,clear sky
631,Sumter,US,28.7086,-82.0831,73.35,76,5,9.93,clear sky
632,Damara,CF,4.9608,18.7035,72.0,86,100,5.12,overcast clouds
633,Riyadh,SA,24.6877,46.7219,80.74,24,69,8.57,broken clouds
634,Katangli,RU,51.7102,143.2326,27.82,91,100,17.76,light snow
635,Leeuwarden,NL,53.2014,5.8086,47.98,81,4,10.36,clear sky
636,Solwezi,ZM,-12.1688,26.3894,58.3,98,90,3.87,overcast clouds
637,Kabakovo,RU,54.5369,56.1517,37.69,87,0,4.47,clear sky
638,Jiangyou,CN,31.7667,104.7167,73.35,76,59,13.98,broken clouds
639,Gijon,ES,43.5357,-5.6615,54.86,73,83,3.0,broken clouds
640,Novikovo,RU,51.1537,37.8879,50.99,74,100,10.25,overcast clouds
641,Plettenberg Bay,ZA,-34.0527,23.3716,58.93,84,51,8.55,light rain
642,Vila Velha,BR,-20.3297,-40.2925,80.55,85,0,11.5,clear sky
643,Ternate,ID,0.8,127.4,83.8,71,43,3.09,scattered clouds
644,Atbasar,KZ,51.8,68.3333,31.66,41,98,16.22,overcast clouds
645,Znamenskoye,RU,57.1281,73.8282,27.18,72,40,3.69,scattered clouds
646,Lubawa,PL,53.5043,19.7497,39.4,95,55,5.46,broken clouds
647,Upington,ZA,-28.4478,21.2561,57.58,100,20,6.91,few clouds
648,Ozernovskiy,RU,51.5,156.5167,34.9,100,100,4.79,light snow
649,Kulhudhuffushi,MV,6.6221,73.07,83.48,71,99,4.72,overcast clouds
650,Bathsheba,BB,13.2167,-59.5167,77.61,73,20,14.97,few clouds
651,Kiunga,PG,-6.1219,141.2906,84.22,77,77,2.3,broken clouds
652,Hammerfest,NO,70.6634,23.6821,37.85,100,100,14.97,overcast clouds
653,Virtsu,EE,58.5716,23.5115,39.97,67,22,18.54,few clouds
654,Sainte-Anne-Des-Monts,CA,49.124,-66.4924,35.47,69,100,16.11,overcast clouds
655,Puerto Madryn,AR,-42.7692,-65.0385,58.17,38,0,17.83,clear sky
656,Maningrida,AU,-12.0667,134.2667,88.9,51,100,1.5,overcast clouds
657,Nuevo Progreso,MX,23.1667,-97.95,77.54,67,4,1.99,clear sky
658,Luoyang,CN,34.6836,112.4536,78.53,41,100,4.0,overcast clouds
659,Grootfontein,NA,-19.5667,18.1167,54.97,71,1,6.91,clear sky
660,Aksay,RU,47.26,39.87,56.25,63,87,7.0,overcast clouds
661,Erenhot,CN,43.6475,111.9767,59.2,24,63,7.2,broken clouds
662,Kuusamo,FI,65.9667,29.1833,32.04,86,100,1.14,overcast clouds
663,Manaure,CO,11.7751,-72.4445,81.28,71,97,12.1,overcast clouds
664,Santiago De Cao,PE,-7.9589,-79.2392,60.93,100,100,9.22,mist
665,Banagher,IE,53.1886,-7.9867,44.69,86,0,9.57,clear sky
666,Pontes E Lacerda,BR,-15.2261,-59.3353,74.26,82,71,3.42,moderate rain
667,Dingle,PH,10.9995,122.6711,87.21,64,73,9.82,broken clouds
668,Turukhansk,RU,65.8167,87.9833,13.14,88,95,6.89,overcast clouds
669,Taltal,CL,-25.4,-70.4833,61.16,84,22,1.92,few clouds
670,Nichinan,JP,31.6,131.3667,62.28,96,100,5.17,moderate rain
671,Urumqi,CN,43.801,87.6005,65.35,28,0,11.18,clear sky
672,Kirensk,RU,57.7853,108.1119,29.5,81,100,8.84,light snow
673,Enumclaw,US,47.2043,-121.9915,59.74,54,59,1.99,broken clouds
674,Ushtobe,KZ,45.2514,77.9838,54.07,84,100,11.86,overcast clouds
675,Liku,ID,-0.7275,119.8922,87.51,61,8,0.76,clear sky
676,Skaudvile,LT,55.4167,22.6167,41.59,94,100,8.88,light rain
677,Kuching,MY,1.55,110.3333,82.62,83,20,3.44,moderate rain
678,Consuegra,ES,39.4625,-3.608,42.33,83,0,8.77,clear sky
679,Tocopilla,CL,-22.092,-70.1979,65.35,71,59,3.91,broken clouds
680,Laje,BR,-10.1833,-40.9667,70.32,76,8,4.36,clear sky
681,Nikel,RU,69.4128,30.222,35.78,98,100,10.63,overcast clouds
682,Aktau,KZ,43.65,51.2,43.38,68,3,2.51,clear sky
683,Guanare,VE,9.0418,-69.7421,76.66,79,99,1.48,overcast clouds
684,Conceicao Do Araguaia,BR,-8.2578,-49.2647,72.95,93,96,2.86,overcast clouds
685,Birjand,IR,32.8663,59.2211,55.87,54,20,4.61,few clouds
686,Lalmohan,BD,22.3384,90.7419,85.08,73,93,13.06,overcast clouds
687,Eydhafushi,MV,5.1033,73.0708,84.02,71,73,4.92,broken clouds
688,Ginda,IN,30.6945,78.4932,65.55,19,0,3.69,clear sky
689,Vostok,RU,46.4856,135.8833,42.35,79,97,17.56,overcast clouds
690,Shahr-E Babak,IR,30.1165,55.1186,58.12,19,13,6.85,few clouds
691,Mizdah,LY,31.4451,12.9801,55.94,56,54,7.14,broken clouds
692,Kysyl-Syr,RU,63.8986,122.7617,26.56,77,99,2.44,overcast clouds
693,Honningsvag,NO,70.9821,25.9704,38.95,87,100,16.11,light intensity drizzle
694,Takoradi,GH,4.8845,-1.7554,79.54,88,99,6.26,light rain
695,Floro,NO,61.5996,5.0328,46.36,76,17,8.05,few clouds
